{
  "version": "1.0.0",
  "nodes": [
    {"id": "start", "type": "scene", "payload": {"description": "Opening carriage scene (choice prompt)"}},
    {"id": "abigail_white", "type": "scene", "payload": {"description": "Abigail (white) enters the carriage"}},
    {"id": "abigail_black", "type": "scene", "payload": {"description": "Abigail (black) enters the carriage"}},
    {"id": "ride", "type": "scene", "payload": {"description": "The carriage ride"}},
    {"id": "end_white", "type": "scene", "payload": {"description": "Ending for white Abigail"}},
    {"id": "end_black", "type": "scene", "payload": {"description": "Ending for black Abigail"}}
  ],
  "edges": [
    {"from": "start", "to": "abigail_white", "condition": "choice == 'white'"},
    {"from": "start", "to": "abigail_black", "condition": "choice == 'black'"},
    {"from": "abigail_white", "to": "ride", "condition": "true"},
    {"from": "abigail_black", "to": "ride", "condition": "true"},
    {"from": "ride", "to": "end_white", "condition": "protagonist == 'white'"},
    {"from": "ride", "to": "end_black", "condition": "protagonist == 'black'"}
  ],
  "policies": {
    "default": {
      "type": "firstTrue",
      "description": "Selects the first edge whose condition evaluates to true."
    }
  },
  "metadata": {
    "title": "A Very Long Carriage Ride",
    "director": "Hooroo Jackson",
    "version_hash": "placeholder-hash"
  }
}