{
  "$schema": "https://json-schema.org/draft/2020-12/schema",
  "title": "StoryBrainGraph",
  "type": "object",
  "required": ["version", "nodes", "edges", "policies"],
  "properties": {
    "version": {
      "type": "string",
      "description": "Semantic version of the graph schema (e.g., 1.0.0)."
    },
    "nodes": {
      "type": "array",
      "description": "List of story nodes.",
      "items": {
        "type": "object",
        "required": ["id", "type", "payload"],
        "properties": {
          "id": {"type": "string", "description": "Unique identifier for the node."},
          "type": {"type": "string", "description": "Node type (e.g., scene, beat)."},
          "payload": {"type": "object", "description": "Content of the node."},
          "metadata": {"type": "object", "description": "Additional metadata for archival or analytics purposes."}
        }
      }
    },
    "edges": {
      "type": "array",
      "description": "List of directed edges connecting nodes.",
      "items": {
        "type": "object",
        "required": ["from", "to", "condition"],
        "properties": {
          "from": {"type": "string", "description": "ID of the source node."},
          "to": {"type": "string", "description": "ID of the target node."},
          "condition": {"type": "string", "description": "Expression evaluated by the policy to decide if this edge is eligible."},
          "weight": {"type": "number", "description": "Weight or priority for this edge, used by the policy."}
        }
      }
    },
    "policies": {
      "type": "object",
      "description": "Policy definitions that determine how edges are chosen during run time."
    },
    "memory": {
      "type": "object",
      "description": "Initial memory state definitions (optional)."
    },
    "metadata": {
      "type": "object",
      "description": "Metadata about the graph as a whole (e.g., director, film title, version hash)."
    }
  }
}