{
  "title": "Window Seat",
  "creator": "Jackson, Hooroo",
  "date": "2023-07-21",
  "description": "The first fully AI feature film, made solo with a budget of $100.",
  "subject": ["AI cinema", "film", "feature"],
  "source": "https://example.com/window-seat",
  "license": "https://creativecommons.org/licenses/by/4.0/",
  "references": [
    {
      "title": "Story Brain: Reference Specification v1.0",
      "doi": "10.5281/zenodo.xxxxx"
    },
    {
      "title": "The New Machine Cinema",
      "doi": "10.5281/zenodo.xxxxx"
    }
  ],
  "format": "video/mp4",
  "language": "en",
  "identifier": "window-seat-ai-film"
}